WQI,FC,Oxy,pH,TSS,Temp,TPN,TP,Turb,quality_cat_names,quality_cat_values
87,91,85,95,78,81,99,84,69,Good,3
86,78,84,77,85,90,99,72,80,Good,3
75,90,79,88,61,90,98,71,49,Fair,2
87,88,80,88,75,95,100,79,71,Good,3
95,93,86,96,84,90,100,84,87,Poor,0
95,94,85,98,100,83,100,90,98,Poor,0
94,89,84,94,88,84,100,83,86,Good,3
85,88,85,93,73,86,100,72,67,Good,3
70,84,80,92,56,68,100,45,46,Fair,2
67,74,82,92,53,82,98,60,50,Fair,2
92,85,84,82,92,88,100,99,90,Good,3
89,80,88,83,92,86,100,95,89,Good,3
89,89,87,75,85,94,100,88,78,Good,3
94,88,87,90,90,90,100,91,86,Good,3
86,93,85,95,79,88,100,78,74,Good,3
70,94,91,96,48,88,100,46,44,Fair,2
88,80,92,96,94,88,100,97,91,Good,3
93,81,92,97,90,90,100,95,89,Good,3
97,98,92,95,100,94,100,98,100,Excellent,4
92,97,94,90,79,85,98,89,81,Good,3
96,97,92,90,87,91,100,68,84,Excellent,4
78,90,91,74,70,96,96,58,61,Fair,2
92,96,89,90,75,92,99,71,84,Good,3
89,99,94,95,72,99,98,84,74,Good,3
93,100,95,90,77,97,99,94,82,Good,3
95,92,92,96,92,90,97,99,97,Poor,0
94,91,92,95,83,91,99,91,85,Good,3
90,96,91,90,75,91,98,92,79,Good,3
74,92,89,94,49,84,98,63,48,Fair,2
94,97,89,86,80,90,96,99,86,Good,3
89,92,93,78,76,91,97,97,79,Good,3
85,87,95,83,73,90,98,88,73,Good,3
88,97,94,74,78,94,97,94,77,Good,3
96,93,92,83,88,93,98,100,90,Excellent,4
86,97,87,96,70,93,99,80,67,Good,3
89,99,98,95,71,93,99,86,74,Good,3
97,99,97,87,86,94,98,100,88,Excellent,4
95,94,95,94,85,94,97,100,90,Poor,0
98,98,99,87,100,98,99,100,100,Excellent,4
83,83,93,95,72,84,44,81,87,Good,3
86,71,91,95,83,78,53,96,91,Good,3
80,69,87,95,77,83,36,91,82,Poor,0
88,79,92,96,89,83,56,92,91,Good,3
76,85,86,96,73,67,57,77,81,Fair,2
60,74,92,94,62,80,47,56,57,Marginal,1
63,79,94,95,62,82,42,64,70,Marginal,1
76,75,90,97,88,74,51,79,90,Fair,2
85,82,93,96,82,80,52,81,87,Good,3
90,80,94,94,81,86,74,95,86,Good,3
93,88,92,90,86,80,78,100,93,Good,3
85,71,92,93,87,85,70,100,82,Good,3
90,84,95,92,88,84,77,97,92,Good,3
84,88,87,92,86,68,79,98,91,Good,3
77,82,94,92,72,82,72,73,74,Fair,2
73,85,94,90,70,83,68,81,77,Fair,2
87,86,93,96,85,73,77,91,90,Good,3
81,79,95,95,83,83,73,82,87,Good,3
85,73,94,85,86,88,82,100,87,Good,3
90,80,91,91,82,82,82,100,89,Good,3
90,81,93,92,89,87,80,100,87,Good,3
91,81,94,93,92,87,81,100,94,Good,3
90,88,91,92,88,82,78,91,88,Good,3
80,76,94,88,75,90,80,84,78,Poor,0
77,85,95,94,70,88,74,76,75,Fair,2
88,82,93,93,89,85,81,94,93,Good,3
89,79,94,93,85,87,79,95,88,Good,3
88,94,89,88,72,85,96,74,71,Good,3
63,89,95,90,43,84,86,52,30,Marginal,1
63,77,91,94,40,82,88,48,51,Marginal,1
67,75,92,96,44,83,92,58,35,Fair,2
53,76,93,92,20,91,82,26,29,Marginal,1
72,88,93,94,46,91,93,56,60,Fair,2
61,44,91,99,71,81,93,76,83,Marginal,1
68,85,93,95,34,86,90,32,57,Fair,2
79,89,93,97,51,81,97,58,68,Fair,2
69,85,93,89,37,82,93,45,57,Fair,2
64,86,92,95,29,84,85,32,49,Marginal,1
84,93,93,97,60,84,92,75,75,Good,3
65,82,94,92,24,81,93,38,39,Poor,0
70,90,95,98,32,86,96,33,41,Fair,2
75,93,92,96,51,74,93,50,61,Fair,2
77,80,93,97,53,87,95,67,69,Fair,2
70,82,96,95,43,90,92,48,63,Fair,2
78,81,93,98,51,86,97,69,76,Fair,2
88,83,93,97,67,87,97,78,82,Good,3
90,90,89,88,95,77,93,91,98,Good,3
77,90,88,96,66,76,77,76,66,Fair,2
91,94,89,83,90,81,79,64,90,Good,3
81,93,81,86,85,64,82,73,85,Good,3
73,91,87,91,63,82,73,61,68,Fair,2
92,90,91,91,91,84,85,73,94,Good,3
81,79,87,84,87,70,87,79,92,Good,3
91,84,84,96,91,83,76,76,93,Good,3
88,90,80,97,95,71,77,73,97,Good,3
78,81,79,94,74,73,77,80,79,Fair,2
88,89,82,94,86,73,72,94,90,Good,3
87,93,75,94,95,72,75,90,98,Good,3
74,81,89,91,70,76,77,78,75,Fair,2
93,88,95,85,90,85,80,88,91,Good,3
90,97,80,94,93,77,77,89,95,Good,3
89,91,90,90,86,80,80,79,86,Good,3
93,91,92,94,85,85,74,89,87,Good,3
89,89,92,88,88,78,85,85,92,Good,3
90,83,89,96,93,82,83,88,95,Good,3
70,79,80,86,83,65,76,88,87,Fair,2
62,73,73,90,85,52,73,81,85,Marginal,1
76,86,76,90,96,63,80,66,93,Fair,2
70,84,81,90,93,38,87,79,96,Fair,2
67,94,74,91,78,60,79,77,79,Fair,2
79,88,74,91,90,67,82,90,97,Fair,2
73,74,78,92,95,56,82,70,94,Fair,2
76,74,78,96,82,73,69,88,88,Fair,2
77,86,76,88,99,57,84,90,100,Fair,2
74,79,71,92,84,60,81,96,90,Fair,2
80,88,77,92,96,61,78,100,95,Poor,0
78,96,69,92,99,58,83,100,100,Fair,2
73,72,78,91,90,52,83,100,92,Fair,2
88,92,86,91,98,67,86,99,98,Good,3
83,90,74,98,99,62,84,96,98,Good,3
86,83,83,94,93,68,83,95,93,Good,3
89,91,84,97,93,70,82,97,93,Good,3
83,89,80,96,91,64,87,95,94,Good,3
86,86,85,95,99,69,81,99,97,Good,3
88,98,89,74,87,79,92,85,80,Good,3
81,90,91,80,75,80,92,81,64,Good,3
87,93,88,86,81,79,90,73,68,Good,3
83,98,92,77,77,68,94,80,81,Good,3
94,100,91,80,89,85,93,78,81,Good,3
94,99,92,83,85,86,94,88,84,Good,3
87,100,88,75,83,73,95,91,90,Good,3
91,100,88,82,90,78,92,88,87,Good,3
88,99,85,83,87,74,94,83,79,Good,3
90,100,86,87,93,71,94,97,91,Good,3
90,100,91,77,94,73,96,98,92,Good,3
89,99,89,88,94,74,94,93,87,Good,3
87,97,86,86,92,73,95,92,85,Good,3
91,100,89,81,93,77,94,91,89,Good,3
92,100,87,83,91,78,94,91,87,Good,3
91,100,90,82,93,74,94,92,91,Good,3
92,97,87,85,88,77,95,87,80,Good,3
91,100,88,81,88,78,94,90,85,Good,3
85,93,81,87,92,72,95,92,91,Good,3
45,67,78,88,46,83,77,55,55,Poor,0
51,72,78,83,48,61,74,59,45,Marginal,1
54,67,89,70,50,58,75,60,54,Marginal,1
53,76,80,77,64,73,77,62,65,Marginal,1
58,74,90,77,44,72,77,61,60,Marginal,1
65,82,93,74,46,75,82,62,62,Poor,0
61,93,51,82,78,56,79,58,76,Marginal,1
63,87,92,69,49,58,82,57,55,Marginal,1
67,86,93,73,61,64,79,62,64,Fair,2
66,94,89,71,69,56,81,62,75,Fair,2
63,97,98,54,84,52,81,61,85,Marginal,1
62,86,90,69,50,54,81,63,62,Marginal,1
58,88,95,63,62,37,83,65,65,Marginal,1
60,75,89,73,50,77,81,56,53,Marginal,1
60,83,87,71,50,77,81,64,59,Marginal,1
65,90,95,69,65,62,83,69,71,Poor,0
62,80,91,73,48,66,81,67,58,Marginal,1
60,80,89,75,48,56,83,66,63,Marginal,1
57,85,93,68,55,58,80,64,60,Marginal,1
83,83,89,86,73,98,95,74,67,Good,3
71,79,85,83,59,96,95,70,51,Fair,2
68,83,93,74,59,85,87,60,60,Fair,2
77,77,89,86,72,90,95,73,69,Fair,2
76,80,94,77,56,99,94,68,59,Fair,2
71,83,95,54,63,94,97,78,68,Fair,2
83,86,93,65,89,75,96,79,86,Good,3
88,90,95,63,83,97,96,80,80,Good,3
83,87,94,68,82,86,94,78,80,Good,3
82,93,94,65,74,79,96,85,78,Good,3
77,87,95,55,86,84,96,84,85,Fair,2
81,87,95,65,78,91,95,81,72,Good,3
90,88,92,85,78,90,96,84,75,Good,3
85,91,91,72,77,90,96,82,72,Good,3
83,87,92,63,74,87,97,77,71,Good,3
88,94,94,73,88,95,96,83,86,Good,3
83,86,88,80,68,100,97,80,66,Good,3
84,78,87,78,74,97,97,81,74,Good,3
82,85,91,77,73,85,97,79,69,Good,3
67,0,93,63,89,72,0,0,61,Fair,2
72,0,91,67,0,89,0,0,52,Fair,2
80,100,90,75,85,78,98,86,72,Poor,0
93,99,98,79,87,93,98,92,86,Good,3
79,90,94,60,67,77,99,79,67,Fair,2
79,86,93,86,60,86,98,80,64,Fair,2
88,84,90,79,78,76,99,87,79,Good,3
68,78,90,64,71,69,98,83,67,Fair,2
87,96,100,67,87,100,99,90,84,Good,3
65,78,72,90,68,80,84,81,67,Poor,0
72,90,78,77,55,79,85,66,41,Fair,2
68,87,77,86,51,83,80,26,50,Fair,2
76,92,72,86,68,79,91,35,72,Fair,2
74,96,80,86,66,84,81,73,59,Fair,2
67,88,79,83,52,85,80,80,53,Fair,2
63,88,62,88,61,65,95,82,68,Marginal,1
84,95,80,87,74,78,95,82,74,Good,3
75,89,74,97,66,80,90,75,68,Fair,2
70,88,72,94,65,75,92,100,68,Fair,2
70,84,71,92,64,76,94,100,67,Fair,2
78,90,79,87,68,85,78,100,67,Fair,2
76,88,73,96,70,82,93,96,63,Fair,2
76,93,72,98,65,87,95,93,63,Fair,2
71,93,74,92,56,75,94,68,50,Fair,2
78,86,77,96,69,76,99,89,64,Fair,2
76,88,77,93,60,77,96,75,51,Fair,2
79,89,80,96,66,84,100,86,63,Fair,2
74,90,70,92,71,68,94,82,64,Fair,2
56,50,90,83,70,83,60,59,66,Marginal,1
52,78,89,70,43,80,49,49,35,Marginal,1
51,82,83,83,51,89,63,44,41,Marginal,1
61,52,89,67,72,89,68,46,74,Marginal,1
40,74,89,83,39,94,31,35,35,Poor,0
60,76,93,80,70,94,44,40,66,Marginal,1
68,95,87,87,73,90,21,53,73,Fair,2
60,86,89,87,50,90,35,40,47,Marginal,1
37,44,88,88,73,98,31,49,68,Poor,0
83,87,82,91,76,94,48,70,79,Good,3
69,81,86,91,78,93,26,61,81,Fair,2
55,75,84,84,54,97,16,56,49,Marginal,1
69,84,88,84,66,88,1,71,53,Fair,2
61,83,90,83,68,81,23,58,64,Marginal,1
57,93,91,83,55,93,2,52,53,Marginal,1
63,73,87,84,75,86,15,57,78,Marginal,1
43,66,93,84,53,95,10,55,50,Poor,0
70,59,86,81,70,79,32,87,73,Fair,2
86,91,94,81,78,82,17,86,68,Good,3
64,86,72,70,43,72,100,75,52,Marginal,1
62,81,74,74,37,79,98,54,39,Marginal,1
65,89,70,83,41,53,100,40,47,Poor,0
55,81,73,83,46,28,100,52,51,Marginal,1
71,90,78,80,46,60,99,74,58,Fair,2
70,85,75,74,51,59,100,88,60,Fair,2
63,86,75,73,60,51,100,80,74,Marginal,1
65,95,72,76,52,58,100,82,65,Poor,0
64,91,72,74,42,57,99,82,61,Marginal,1
65,84,69,80,49,43,100,98,65,Poor,0
75,94,75,72,58,54,100,100,74,Fair,2
63,91,73,70,33,57,99,82,47,Marginal,1
62,96,70,75,56,55,100,100,68,Marginal,1
66,88,73,79,43,61,99,77,58,Fair,2
63,87,67,78,49,43,100,65,61,Marginal,1
68,94,76,81,75,57,100,92,80,Fair,2
68,89,77,81,41,65,100,69,54,Fair,2
62,82,81,75,42,65,99,73,53,Marginal,1
63,90,77,77,36,49,100,66,54,Marginal,1
79,78,80,83,77,71,100,99,83,Fair,2
81,77,82,86,71,82,100,100,69,Good,3
78,90,86,91,55,67,100,59,58,Fair,2
77,83,74,83,73,69,100,68,79,Fair,2
82,89,79,86,74,76,100,88,74,Good,3
84,84,88,75,73,78,100,100,73,Good,3
78,84,78,81,85,71,100,99,90,Fair,2
78,75,78,79,72,74,100,98,80,Fair,2
78,88,76,81,77,65,100,94,85,Fair,2
81,90,79,83,86,64,100,100,88,Good,3
86,97,79,85,82,72,100,100,88,Good,3
83,91,80,82,73,75,100,100,80,Good,3
74,90,76,77,72,70,100,100,80,Fair,2
72,82,74,84,69,67,100,100,74,Fair,2
74,89,70,80,76,64,100,98,86,Fair,2
76,97,71,84,75,66,100,99,81,Fair,2
64,85,70,84,51,67,100,88,56,Marginal,1
79,83,81,84,60,77,100,100,77,Fair,2
82,82,80,86,77,67,100,100,87,Good,3
93,89,81,91,90,88,100,100,100,Good,3
82,95,85,74,70,76,100,93,67,Good,3
74,100,78,77,67,67,99,71,64,Fair,2
77,97,85,80,60,79,100,82,60,Fair,2
82,100,85,80,66,72,100,96,65,Good,3
80,99,84,73,77,74,100,96,82,Poor,0
77,100,87,74,68,78,100,91,63,Fair,2
77,100,82,75,75,58,100,90,73,Fair,2
84,100,82,79,73,69,100,100,81,Good,3
81,100,86,73,76,66,100,100,75,Good,3
74,99,84,62,60,70,100,100,71,Fair,2
71,100,79,71,74,62,100,100,73,Fair,2
74,92,84,77,63,78,96,93,57,Fair,2
76,98,81,75,64,59,100,73,71,Fair,2
78,98,82,82,69,66,100,93,66,Fair,2
77,100,87,81,63,68,100,89,57,Fair,2
76,87,82,74,62,74,100,93,61,Fair,2
79,92,84,79,74,66,100,98,74,Fair,2
84,100,86,80,74,77,100,93,70,Good,3
75,100,85,74,65,66,100,100,60,Fair,2
76,99,85,77,60,65,100,51,52,Fair,2
84,100,79,80,73,79,100,50,75,Good,3
88,100,84,86,76,81,100,84,73,Good,3
85,100,86,79,72,77,100,98,72,Good,3
83,100,84,78,77,75,100,96,74,Good,3
83,100,85,84,71,79,100,95,62,Good,3
81,99,84,82,78,57,100,91,71,Good,3
86,100,84,81,76,65,100,100,82,Good,3
84,100,85,81,74,68,100,100,74,Good,3
77,100,80,74,62,68,100,100,75,Fair,2
78,98,79,76,77,62,100,100,72,Fair,2
79,100,85,79,67,79,95,94,61,Fair,2
72,100,83,79,52,66,100,94,70,Fair,2
79,100,86,77,69,69,100,99,64,Fair,2
80,96,88,82,63,74,96,95,59,Poor,0
77,98,85,73,61,67,100,95,73,Fair,2
77,100,88,74,75,59,100,100,82,Fair,2
63,92,88,91,31,82,90,33,27,Marginal,1
60,81,89,96,30,83,89,40,29,Marginal,1
54,78,89,94,31,79,69,31,30,Marginal,1
74,89,89,92,59,89,91,70,54,Fair,2
68,86,92,88,51,90,86,55,45,Fair,2
79,96,93,90,64,89,93,63,59,Fair,2
78,90,93,86,59,83,93,64,60,Fair,2
60,82,93,78,32,84,87,44,40,Marginal,1
69,89,89,96,46,86,93,58,45,Fair,2
61,88,92,97,13,87,92,16,10,Marginal,1
68,90,89,96,45,88,95,54,40,Fair,2
71,93,91,98,46,89,93,60,43,Fair,2
68,91,89,92,48,89,94,57,38,Fair,2
64,87,89,95,28,90,92,18,28,Marginal,1
70,91,90,94,60,80,80,55,60,Fair,2
57,86,89,98,18,85,95,2,10,Marginal,1
68,89,92,97,42,92,95,23,46,Fair,2
72,98,87,86,47,80,95,51,53,Fair,2
70,91,89,96,45,85,90,55,60,Fair,2
88,97,100,96,78,98,96,74,68,Good,3
73,90,84,91,46,83,98,58,59,Fair,2
72,89,86,94,48,85,96,48,54,Fair,2
65,83,88,96,38,89,91,51,38,Poor,0
84,86,84,86,75,77,98,83,81,Good,3
77,89,83,96,58,89,94,71,65,Fair,2
89,93,88,88,72,84,99,88,79,Good,3
91,93,88,97,80,86,99,88,83,Good,3
71,71,87,99,59,86,95,78,70,Fair,2
76,96,85,97,53,78,99,75,63,Fair,2
61,96,85,96,27,75,98,34,34,Marginal,1
73,96,86,97,53,74,99,74,58,Fair,2
77,90,84,96,51,80,98,85,68,Fair,2
77,95,86,97,54,85,99,82,62,Fair,2
75,89,84,91,53,87,98,60,61,Fair,2
76,92,86,93,58,82,99,67,55,Fair,2
74,89,86,92,54,84,97,60,63,Fair,2
73,88,89,92,50,88,98,56,67,Fair,2
77,99,80,67,51,85,99,84,76,Fair,2
86,94,82,92,66,84,98,89,85,Good,3
78,98,93,96,64,88,77,66,63,Fair,2
75,92,93,88,62,93,83,78,59,Fair,2
64,94,92,94,34,89,76,48,44,Marginal,1
87,91,89,94,73,90,86,67,73,Good,3
71,95,92,88,62,94,53,95,59,Fair,2
87,100,93,95,80,90,80,94,72,Good,3
86,99,96,97,70,88,84,95,74,Good,3
59,92,93,96,36,90,70,70,44,Marginal,1
85,100,94,97,81,89,52,95,72,Good,3
64,100,94,97,22,90,88,87,43,Marginal,1
81,98,95,97,68,90,89,100,59,Good,3
84,100,93,97,70,90,84,100,63,Good,3
75,96,94,90,62,90,87,94,50,Fair,2
75,96,94,91,51,92,83,58,61,Fair,2
81,98,83,90,65,91,85,86,66,Good,3
56,96,90,92,34,85,74,72,47,Marginal,1
77,96,93,94,60,90,84,69,63,Fair,2
76,99,91,94,48,88,83,99,69,Fair,2
75,98,93,93,67,90,82,99,59,Fair,2
70,81,82,94,54,60,88,50,48,Fair,2
66,80,83,92,46,72,80,48,39,Fair,2
58,81,83,92,29,79,81,44,26,Marginal,1
71,86,88,96,43,76,88,63,35,Fair,2
70,77,94,93,61,83,81,64,58,Fair,2
81,86,89,96,73,83,87,65,61,Good,3
60,65,91,97,53,87,80,61,51,Marginal,1
44,67,94,94,18,71,76,19,10,Poor,0
72,90,92,93,51,59,92,51,47,Fair,2
55,85,89,76,3,59,90,1,1,Marginal,1
67,83,90,95,52,66,91,71,46,Fair,2
71,85,92,94,63,76,83,82,61,Fair,2
69,75,90,95,52,87,86,59,40,Fair,2
75,74,88,91,62,82,87,72,65,Fair,2
75,90,84,90,60,66,90,51,48,Fair,2
71,86,95,90,52,66,87,46,51,Fair,2
59,77,93,92,41,78,89,40,44,Marginal,1
81,91,91,94,60,80,91,79,63,Good,3
79,86,86,94,72,73,85,79,68,Fair,2
65,80,66,92,49,61,79,49,41,Poor,0
64,77,76,86,47,75,83,60,41,Marginal,1
73,93,79,92,55,68,82,48,48,Fair,2
61,78,81,83,36,61,89,65,17,Marginal,1
70,89,86,92,52,67,81,57,43,Fair,2
66,84,85,96,52,70,89,38,56,Fair,2
67,73,80,97,58,76,90,64,57,Fair,2
47,69,82,96,20,68,80,24,13,Marginal,1
64,88,74,94,52,51,92,43,46,Marginal,1
54,82,76,92,19,52,92,20,14,Marginal,1
68,77,80,94,54,64,90,64,39,Fair,2
72,84,83,93,66,72,89,85,66,Fair,2
69,75,84,95,49,81,88,52,37,Fair,2
76,84,78,93,61,77,90,58,53,Fair,2
70,91,70,91,64,66,91,55,57,Fair,2
72,90,79,93,57,62,89,55,54,Fair,2
53,68,84,92,26,77,94,53,34,Marginal,1
82,89,76,95,70,73,90,78,73,Good,3
69,83,74,92,65,73,88,67,62,Fair,2
83,97,100,94,52,100,96,58,47,Good,3
63,87,73,90,30,64,97,21,19,Marginal,1
47,66,81,92,20,76,91,45,9,Marginal,1
72,92,80,90,56,77,94,47,44,Fair,2
71,83,83,95,58,79,89,72,45,Fair,2
70,92,84,92,45,89,92,46,38,Fair,2
67,80,89,94,46,85,97,41,52,Fair,2
62,86,85,90,39,76,98,41,32,Marginal,1
67,92,86,95,44,78,95,32,33,Fair,2
67,91,79,93,34,71,99,31,21,Fair,2
56,78,78,87,4,59,97,1,1,Marginal,1
68,88,79,88,39,70,97,47,29,Fair,2
68,81,83,90,53,75,94,75,51,Fair,2
60,69,87,96,38,85,94,33,23,Marginal,1
70,80,84,92,58,83,96,50,47,Fair,2
71,90,70,92,68,66,97,59,56,Fair,2
74,89,79,95,53,70,96,59,50,Fair,2
54,71,89,90,32,86,97,53,31,Marginal,1
84,93,79,96,70,74,98,79,73,Good,3
66,81,78,93,47,74,94,54,43,Fair,2
77,74,88,83,77,73,80,75,72,Fair,2
82,78,93,92,71,83,76,69,71,Good,3
76,75,89,90,69,81,77,63,73,Fair,2
89,79,89,92,87,79,83,81,89,Good,3
83,88,88,92,72,94,76,83,73,Good,3
92,88,92,90,85,86,83,87,86,Good,3
91,81,89,88,88,85,87,93,91,Good,3
89,90,92,93,75,80,81,85,83,Good,3
81,87,87,92,74,72,88,87,81,Good,3
74,85,85,92,66,65,85,79,68,Fair,2
75,74,84,90,80,69,86,92,78,Fair,2
89,86,91,95,79,73,86,97,84,Good,3
75,73,89,92,65,83,87,86,68,Fair,2
81,85,89,87,67,78,86,68,69,Good,3
85,85,82,88,73,77,91,76,77,Good,3
79,89,87,88,68,77,87,74,72,Fair,2
77,83,93,87,64,82,89,60,66,Fair,2
90,93,92,93,76,78,87,89,85,Good,3
88,86,87,89,86,78,84,90,89,Good,3
88,97,87,92,91,67,96,96,89,Good,3
84,87,86,90,72,82,94,82,73,Good,3
90,96,87,88,82,79,91,70,79,Good,3
91,89,86,92,92,70,95,86,90,Good,3
87,94,83,90,74,79,92,84,77,Good,3
93,99,89,94,90,74,92,96,92,Good,3
90,89,84,95,88,77,96,99,91,Good,3
90,97,83,94,81,74,93,95,88,Good,3
80,91,77,93,80,73,95,91,82,Poor,0
86,94,79,94,89,69,94,100,88,Good,3
85,92,78,94,91,70,96,100,87,Good,3
87,89,80,94,86,76,95,99,86,Good,3
86,84,85,93,80,82,94,99,80,Good,3
85,91,85,87,70,81,95,85,72,Good,3
83,90,79,87,74,78,96,80,73,Good,3
81,88,88,89,71,69,93,69,73,Good,3
89,89,85,92,80,78,96,95,84,Good,3
86,90,92,93,80,74,95,94,84,Good,3
84,87,81,90,80,75,91,91,85,Good,3
66,60,89,80,75,73,73,72,72,Fair,2
78,68,91,90,76,84,64,78,75,Fair,2
71,64,88,88,74,79,73,64,72,Fair,2
82,70,83,88,88,78,82,82,88,Good,3
80,82,93,80,66,91,75,78,75,Poor,0
89,84,91,92,81,84,79,84,83,Good,3
83,85,93,94,75,79,82,83,80,Good,3
83,84,89,89,74,76,81,84,82,Good,3
81,82,88,90,82,67,87,87,85,Good,3
80,83,86,92,81,63,86,99,84,Poor,0
83,87,87,86,77,65,86,94,78,Good,3
82,81,89,91,77,71,83,93,83,Good,3
75,73,87,89,67,81,84,81,68,Fair,2
78,84,86,85,67,69,81,80,71,Fair,2
85,83,88,83,73,71,88,76,78,Good,3
78,83,88,89,69,72,86,74,71,Fair,2
82,83,89,79,71,81,87,47,73,Good,3
81,83,88,92,68,70,85,83,77,Good,3
87,90,86,89,83,70,86,86,87,Good,3
84,88,78,92,80,80,91,66,83,Good,3
86,91,81,94,77,86,89,89,75,Good,3
89,93,78,86,80,87,89,69,77,Good,3
89,87,79,92,87,88,91,84,82,Good,3
88,90,78,90,75,92,89,86,76,Good,3
92,92,82,94,85,88,92,94,91,Good,3
88,86,85,93,87,87,91,90,89,Good,3
91,89,83,95,78,84,88,88,82,Good,3
86,89,74,94,88,80,90,92,90,Good,3
85,86,71,92,88,76,92,100,87,Good,3
87,87,77,83,81,78,89,99,82,Good,3
84,82,73,91,78,82,92,99,85,Good,3
80,82,79,92,66,83,92,82,67,Poor,0
86,84,76,89,75,81,91,86,79,Good,3
85,88,76,87,72,82,94,77,76,Good,3
88,91,79,89,74,82,92,85,83,Good,3
84,85,81,85,68,87,93,75,77,Good,3
83,85,80,90,71,83,93,88,82,Good,3
75,85,71,89,75,79,91,88,83,Fair,2
76,72,85,88,78,70,78,75,82,Fair,2
68,68,88,91,56,82,79,64,63,Fair,2
75,72,86,96,75,79,79,60,82,Fair,2
65,63,89,83,81,75,76,76,88,Poor,0
83,72,84,90,88,85,84,86,91,Good,3
87,78,96,85,83,82,91,83,96,Good,3
76,67,82,75,82,79,88,85,94,Fair,2
60,68,91,88,60,67,79,67,71,Marginal,1
78,72,90,73,85,69,84,82,96,Fair,2
72,68,90,65,82,74,88,100,94,Fair,2
84,81,89,78,88,70,80,96,91,Good,3
81,75,96,81,87,74,90,98,94,Good,3
79,79,92,73,77,79,90,89,79,Fair,2
79,79,89,61,80,77,88,90,90,Fair,2
81,84,88,76,74,74,92,91,92,Good,3
77,76,84,67,81,74,92,85,92,Fair,2
75,81,93,69,72,81,83,79,81,Fair,2
85,85,93,84,86,75,91,97,99,Good,3
76,70,89,93,84,76,90,93,97,Fair,2
91,87,96,98,93,91,94,91,97,Good,3
96,99,91,95,92,88,91,96,96,Excellent,4
95,97,89,97,94,89,92,98,98,Poor,0
95,100,85,91,99,88,92,75,100,Poor,0
95,95,89,90,98,89,94,83,99,Poor,0
96,97,89,94,98,91,92,89,99,Excellent,4
96,98,92,96,95,90,94,92,100,Excellent,4
88,84,93,92,93,89,92,92,96,Good,3
96,97,91,96,98,89,93,91,100,Excellent,4
94,89,91,95,98,87,92,92,99,Good,3
95,93,89,96,100,80,94,100,100,Poor,0
96,93,92,94,99,90,90,98,99,Excellent,4
96,94,90,98,98,86,93,100,100,Excellent,4
92,83,90,95,99,88,93,100,100,Good,3
90,82,88,89,98,88,92,99,100,Good,3
96,98,90,96,96,91,96,96,99,Excellent,4
96,93,93,97,95,84,95,99,99,Excellent,4
90,93,93,94,88,85,93,80,88,Good,3
95,90,85,97,98,91,95,100,100,Poor,0
94,89,87,93,96,85,95,100,100,Good,3
52,62,76,96,74,58,58,57,75,Marginal,1
35,52,79,90,70,70,32,50,71,Poor,0
50,64,81,97,60,85,60,44,61,Marginal,1
63,74,78,94,86,70,57,61,86,Marginal,1
70,71,83,94,79,81,56,63,80,Fair,2
82,87,88,94,84,80,69,62,90,Good,3
73,72,87,96,78,86,72,63,86,Fair,2
66,68,90,96,71,70,67,59,83,Fair,2
67,75,87,96,75,59,72,59,80,Fair,2
75,84,83,97,78,69,67,68,87,Fair,2
49,61,85,97,72,68,46,63,78,Marginal,1
72,84,88,96,83,74,64,71,88,Fair,2
68,73,85,96,74,79,66,74,77,Fair,2
60,69,80,93,73,75,59,62,77,Marginal,1
69,78,74,95,77,69,66,60,80,Fair,2
63,69,82,95,81,73,49,56,87,Marginal,1
68,77,85,92,59,78,72,48,62,Fair,2
75,75,91,94,82,76,64,65,86,Fair,2
70,81,80,91,80,72,70,59,86,Fair,2
57,90,84,96,38,70,41,71,45,Marginal,1
66,91,83,92,65,78,49,66,50,Fair,2
56,91,82,88,52,80,44,21,36,Marginal,1
66,86,81,77,69,77,61,52,74,Fair,2
52,93,80,92,73,82,27,60,58,Marginal,1
75,92,85,86,79,74,60,63,71,Fair,2
62,85,87,93,76,71,55,65,72,Marginal,1
61,88,87,94,72,80,46,63,60,Marginal,1
55,90,86,93,62,78,53,54,56,Marginal,1
77,90,79,98,72,78,47,97,65,Fair,2
73,83,86,89,64,74,44,81,60,Fair,2
85,88,84,91,81,73,50,100,74,Good,3
58,77,84,92,53,79,54,81,53,Marginal,1
59,87,83,96,71,80,44,71,47,Marginal,1
58,93,82,90,59,76,61,56,47,Marginal,1
63,93,87,97,71,75,58,78,65,Marginal,1
47,88,86,92,33,71,48,31,32,Marginal,1
69,92,83,94,76,74,57,84,71,Fair,2
69,91,80,95,84,68,48,83,72,Fair,2
77,98,95,96,86,93,60,89,85,Fair,2
74,93,85,95,66,69,80,67,57,Fair,2
58,91,81,92,50,78,58,62,38,Marginal,1
59,92,82,88,59,59,77,41,46,Marginal,1
76,94,83,83,79,69,86,63,59,Fair,2
60,89,87,88,51,86,74,43,37,Marginal,1
40,61,88,92,64,75,61,44,40,Poor,0
60,93,81,96,67,75,61,52,54,Marginal,1
79,93,86,96,69,73,86,62,64,Fair,2
79,96,89,86,78,64,91,46,68,Fair,2
69,91,82,88,68,66,90,69,53,Fair,2
71,81,84,92,73,76,78,58,58,Fair,2
74,97,82,91,62,69,82,55,50,Fair,2
75,92,83,97,61,79,90,78,46,Fair,2
91,97,89,93,82,82,90,82,75,Good,3
74,94,85,95,73,64,93,48,53,Fair,2
83,93,83,98,80,74,91,78,73,Good,3
86,94,91,97,73,84,90,76,75,Good,3
86,97,89,97,80,73,91,79,77,Good,3
83,91,84,94,80,76,90,75,71,Good,3
67,74,87,92,81,88,7,63,77,Fair,2
74,76,92,94,85,76,23,75,87,Fair,2
47,69,91,92,74,84,37,59,71,Marginal,1
61,83,79,86,85,84,35,63,80,Marginal,1
62,87,83,83,87,95,23,62,89,Marginal,1
62,87,88,90,78,95,26,61,78,Marginal,1
72,76,89,93,92,89,57,70,93,Fair,2
70,82,88,93,80,88,23,65,84,Fair,2
73,85,87,89,84,84,17,67,82,Fair,2
61,62,81,90,75,83,32,74,79,Marginal,1
83,83,88,95,83,80,23,84,81,Good,3
88,87,86,92,91,74,1,83,89,Good,3
88,80,86,92,88,87,1,85,84,Good,3
83,86,95,97,85,83,14,73,84,Good,3
76,85,86,96,90,77,17,71,88,Fair,2
74,72,85,95,81,86,21,69,77,Fair,2
60,80,96,96,75,82,11,70,75,Marginal,1
84,87,95,96,84,85,27,76,86,Good,3
78,81,92,94,77,84,37,71,78,Fair,2
83,100,88,95,64,85,98,75,61,Good,3
79,99,85,93,66,81,99,70,51,Fair,2
80,100,88,88,68,90,98,61,58,Poor,0
87,100,82,91,74,77,99,66,69,Good,3
74,98,92,90,60,96,66,59,48,Fair,2
86,98,86,94,70,85,100,79,66,Good,3
88,100,84,93,82,82,99,93,75,Good,3
83,100,86,96,68,84,99,56,61,Good,3
76,94,86,92,60,75,99,39,49,Fair,2
73,96,84,95,41,82,99,49,36,Fair,2
74,99,80,93,56,73,98,58,42,Fair,2
86,99,85,86,76,74,98,96,70,Good,3
67,92,89,80,54,82,95,49,34,Fair,2
66,97,89,78,45,84,99,37,31,Fair,2
81,96,84,93,67,80,100,76,63,Good,3
81,99,78,93,63,87,99,60,58,Good,3
76,98,93,97,56,93,99,66,47,Fair,2
64,97,93,89,21,94,95,15,14,Marginal,1
61,90,92,88,2,92,91,1,1,Marginal,1
71,100,100,96,28,100,97,34,39,Fair,2
87,86,79,93,79,77,64,95,86,Good,3
81,86,86,84,73,76,50,95,82,Good,3
87,85,83,87,73,81,82,97,80,Good,3
79,94,87,87,61,88,36,86,74,Fair,2
76,87,81,94,69,75,46,74,71,Fair,2
76,87,73,93,71,77,71,78,74,Fair,2
63,87,87,94,52,76,65,56,57,Marginal,1
85,93,87,77,82,85,69,100,91,Good,3
87,85,88,96,78,82,56,87,86,Good,3
92,100,99,87,89,99,55,93,88,Good,3
92,91,88,96,78,81,47,93,82,Good,3
88,95,90,82,76,84,51,95,81,Good,3
88,93,89,89,74,77,78,95,79,Good,3
79,92,92,87,68,86,34,80,70,Fair,2
71,85,89,93,60,74,40,57,54,Fair,2
81,97,82,94,74,80,70,78,78,Good,3
63,95,89,91,48,82,75,48,48,Marginal,1
88,98,90,91,82,86,67,98,90,Good,3
88,90,89,90,80,85,55,84,87,Good,3
81,83,76,95,69,81,61,89,82,Good,3
77,84,81,81,63,85,46,92,80,Fair,2
85,82,81,88,75,79,78,97,84,Good,3
86,92,82,83,75,86,36,85,80,Good,3
87,88,77,89,88,79,37,92,94,Good,3
75,91,72,91,72,79,68,77,77,Fair,2
63,89,84,94,57,73,68,65,67,Marginal,1
88,94,87,97,81,85,62,97,92,Good,3
89,86,86,96,80,82,45,89,90,Good,3
56,75,80,96,29,73,53,28,24,Marginal,1
49,66,80,96,54,71,52,51,51,Marginal,1
41,63,73,93,36,82,43,29,34,Poor,0
62,78,78,96,68,80,54,69,63,Marginal,1
42,82,88,96,36,89,34,34,33,Poor,0
65,75,85,96,55,83,63,58,54,Poor,0
68,80,82,94,60,83,63,69,68,Fair,2
58,86,81,96,51,77,46,52,55,Marginal,1
57,81,79,96,42,76,70,52,44,Marginal,1
52,78,79,96,15,78,64,18,12,Marginal,1
54,78,78,97,39,78,61,49,33,Marginal,1
61,84,81,98,43,82,58,51,35,Marginal,1
51,78,83,97,48,84,57,55,39,Marginal,1
60,84,88,97,31,87,61,16,24,Marginal,1
69,79,85,97,47,71,72,42,47,Fair,2
56,81,79,95,34,79,73,22,28,Marginal,1
55,71,90,96,37,88,62,11,32,Marginal,1
62,80,80,97,38,85,69,42,48,Marginal,1
61,84,85,93,40,83,54,45,48,Marginal,1
66,67,71,96,73,81,14,71,74,Fair,2
59,61,79,88,81,85,19,74,76,Marginal,1
50,64,79,90,74,90,36,55,73,Marginal,1
58,66,80,93,82,87,26,74,75,Marginal,1
66,53,85,95,79,81,19,78,84,Fair,2
86,79,86,92,84,87,23,80,89,Good,3
75,63,88,93,83,84,22,82,80,Fair,2
32,47,85,95,56,74,16,61,63,Poor,0
49,72,86,93,72,72,18,63,71,Marginal,1
34,65,83,85,47,75,14,48,44,Poor,0
71,76,83,96,73,76,47,81,70,Fair,2
67,70,88,95,75,81,31,84,70,Fair,2
74,76,82,92,74,76,40,82,69,Fair,2
59,64,77,96,79,85,32,74,78,Marginal,1
80,74,84,96,77,83,41,78,83,Poor,0
63,79,80,96,77,75,46,73,76,Marginal,1
52,66,80,91,66,83,52,56,66,Marginal,1
78,78,82,83,77,81,34,76,81,Fair,2
86,79,77,93,87,86,41,84,87,Good,3
33,86,79,92,15,73,29,26,14,Poor,0
22,77,82,96,3,80,12,11,3,Poor,0
30,94,82,80,3,76,12,10,7,Poor,0
31,87,85,86,14,68,24,39,13,Poor,0
25,74,89,77,2,77,8,17,4,Poor,0
35,94,93,93,19,76,21,27,31,Poor,0
38,79,86,94,22,78,37,40,25,Poor,0
19,76,89,93,1,78,2,12,7,Poor,0
37,95,87,79,29,68,25,38,26,Poor,0
29,88,85,82,1,65,36,1,1,Poor,0
38,90,90,83,23,67,45,49,19,Poor,0
52,93,90,61,40,76,18,68,34,Marginal,1
40,82,89,95,16,83,28,30,12,Poor,0
43,88,84,91,15,84,14,42,24,Poor,0
43,89,72,92,27,75,38,27,25,Poor,0
31,91,87,81,5,64,33,27,10,Poor,0
30,87,90,92,2,77,30,19,10,Poor,0
45,94,80,93,37,77,36,55,42,Poor,0
40,85,83,93,19,79,10,46,17,Poor,0
46,91,84,88,31,73,34,43,32,Marginal,1
53,87,87,92,38,76,54,55,42,Marginal,1
47,90,82,83,29,83,24,28,31,Marginal,1
57,88,78,77,45,80,49,54,50,Marginal,1
52,96,85,86,51,84,26,62,42,Marginal,1
64,95,92,93,70,81,45,77,63,Marginal,1
67,91,95,94,60,79,49,82,66,Fair,2
36,84,90,93,18,76,25,36,19,Poor,0
60,99,89,95,71,63,17,61,64,Marginal,1
44,93,88,87,18,55,54,43,20,Poor,0
42,91,85,89,45,56,64,83,45,Poor,0
82,94,92,83,81,65,39,100,74,Good,3
73,89,89,85,60,68,55,97,52,Fair,2
78,95,91,88,65,76,51,74,61,Fair,2
70,87,76,91,70,75,52,79,64,Fair,2
49,95,85,86,43,57,54,55,44,Marginal,1
43,86,88,92,43,70,46,47,41,Poor,0
70,97,89,95,68,74,52,85,65,Fair,2
79,92,86,92,82,75,37,95,75,Fair,2
69,99,100,94,74,97,54,72,63,Fair,2
52,68,76,90,47,77,74,45,45,Marginal,1
47,58,79,96,43,73,72,33,41,Marginal,1
48,54,81,97,38,82,80,29,36,Marginal,1
41,60,77,88,46,82,77,44,43,Poor,0
62,79,85,88,48,85,77,31,40,Marginal,1
60,80,86,96,45,83,90,25,28,Marginal,1
58,76,86,96,34,85,87,24,27,Marginal,1
57,74,81,96,23,78,79,11,20,Marginal,1
55,79,88,92,17,73,85,7,8,Marginal,1
51,76,87,96,2,85,77,1,1,Marginal,1
58,81,83,96,22,82,82,18,27,Marginal,1
59,83,83,96,23,82,88,44,22,Marginal,1
58,82,85,96,17,85,88,52,16,Marginal,1
61,80,90,96,25,88,80,26,33,Marginal,1
49,69,81,98,23,82,87,1,19,Marginal,1
62,67,84,97,47,80,79,44,50,Marginal,1
56,75,86,98,30,89,83,30,47,Marginal,1
71,88,90,98,54,87,87,50,51,Fair,2
52,74,83,95,27,83,84,20,28,Marginal,1
53,79,99,67,39,45,82,52,45,Marginal,1
32,82,100,54,26,49,69,61,19,Poor,0
34,61,80,80,7,51,70,43,5,Poor,0
33,71,100,70,62,36,82,62,61,Poor,0
43,82,100,63,54,42,85,60,61,Poor,0
65,80,91,81,55,59,85,62,59,Poor,0
42,69,89,78,43,49,86,54,39,Poor,0
62,85,100,68,49,44,87,58,59,Marginal,1
72,79,94,83,45,64,85,62,64,Fair,2
62,86,99,72,53,49,83,67,69,Marginal,1
59,86,100,68,71,31,85,65,71,Marginal,1
54,84,100,72,43,51,83,64,56,Marginal,1
55,77,100,54,55,36,83,71,63,Marginal,1
64,76,98,87,34,56,83,52,43,Marginal,1
61,80,97,71,32,65,82,44,39,Marginal,1
62,73,89,75,38,62,84,57,41,Marginal,1
59,83,99,64,21,48,86,43,37,Marginal,1
53,85,98,76,45,17,87,58,56,Marginal,1
62,80,92,69,58,54,88,67,66,Marginal,1
87,97,86,86,84,76,86,73,75,Good,3
63,89,86,77,60,71,79,73,45,Marginal,1
71,87,81,86,74,69,79,66,58,Fair,2
82,97,78,86,86,73,84,73,74,Good,3
84,97,85,83,77,80,83,76,71,Good,3
83,91,87,88,83,78,85,72,76,Good,3
86,100,76,86,87,75,84,77,85,Good,3
86,97,82,87,87,71,80,77,78,Good,3
86,99,80,85,83,73,87,76,74,Good,3
87,100,80,81,87,68,85,81,85,Good,3
84,99,86,67,84,69,90,83,87,Good,3
86,100,83,81,87,70,84,77,77,Good,3
81,100,77,87,88,63,86,81,84,Good,3
91,100,83,83,86,79,85,79,79,Good,3
86,97,76,90,86,74,84,79,75,Good,3
89,97,83,82,87,78,85,79,80,Good,3
85,98,87,87,84,73,87,77,72,Good,3
83,100,87,74,84,69,85,81,77,Good,3
79,89,76,81,87,68,84,81,84,Fair,2
73,86,83,83,66,66,84,70,65,Fair,2
80,93,83,74,73,76,84,75,71,Poor,0
73,95,81,80,61,64,85,62,58,Fair,2
77,94,80,86,76,71,84,70,67,Fair,2
79,99,83,83,69,78,84,71,64,Fair,2
85,97,82,77,83,82,83,71,79,Good,3
75,93,86,70,82,65,84,71,82,Fair,2
79,96,86,72,72,69,83,74,75,Fair,2
76,93,80,78,65,69,85,70,71,Fair,2
79,89,77,80,82,68,82,74,83,Fair,2
80,98,81,67,83,70,85,70,84,Poor,0
73,93,79,81,67,65,83,69,64,Fair,2
76,92,75,78,81,66,85,71,81,Fair,2
80,87,81,77,71,73,83,72,70,Poor,0
72,92,76,78,63,63,74,72,66,Fair,2
73,94,78,76,65,70,81,72,70,Fair,2
71,87,82,79,59,73,84,73,67,Fair,2
76,85,80,79,78,70,84,77,81,Fair,2
74,91,80,81,77,61,81,75,78,Fair,2
44,54,86,74,41,57,87,66,44,Poor,0
59,81,83,59,51,50,84,69,52,Marginal,1
35,57,82,63,14,42,78,48,14,Poor,0
40,66,88,63,57,44,91,66,46,Poor,0
61,76,79,67,53,66,89,56,51,Marginal,1
72,83,90,74,78,55,95,67,80,Fair,2
77,77,86,87,74,67,94,70,84,Fair,2
75,73,88,88,73,69,93,69,74,Fair,2
72,69,91,76,72,69,94,69,75,Fair,2
86,89,87,84,81,73,94,80,89,Good,3
84,77,90,86,84,71,95,81,91,Good,3
86,88,90,81,77,77,93,78,82,Good,3
74,77,92,86,73,68,89,75,64,Fair,2
65,79,87,58,45,68,87,66,51,Poor,0
55,71,75,76,33,60,87,45,37,Marginal,1
66,83,89,59,65,63,93,71,71,Fair,2
67,79,89,72,59,53,93,67,62,Fair,2
63,76,91,54,59,58,95,71,68,Marginal,1
68,83,87,54,72,62,96,72,76,Fair,2
80,91,95,67,77,76,95,90,81,Poor,0
83,85,91,74,70,78,96,87,72,Good,3
79,91,91,70,66,78,96,80,76,Fair,2
74,95,90,63,86,63,96,85,88,Fair,2
71,88,95,45,66,88,95,83,73,Fair,2
74,96,93,47,68,82,97,94,85,Fair,2
73,96,90,67,92,59,96,95,97,Fair,2
93,94,95,87,82,82,96,95,88,Good,3
75,97,94,64,88,64,96,94,93,Fair,2
78,93,91,65,81,64,97,100,89,Fair,2
82,95,93,62,96,62,97,100,98,Good,3
91,91,93,93,73,79,95,99,82,Good,3
88,91,95,75,83,71,95,98,87,Good,3
85,96,91,70,84,76,97,99,89,Good,3
87,86,93,84,78,76,97,95,85,Good,3
90,95,93,82,83,77,97,96,89,Good,3
87,87,94,90,68,80,98,93,82,Good,3
81,97,89,59,86,69,98,97,90,Good,3
81,87,92,78,82,70,98,92,86,Good,3
62,100,82,91,54,76,67,69,62,Marginal,1
70,96,82,88,47,85,83,65,59,Fair,2
65,100,84,77,46,84,75,30,59,Poor,0
75,98,71,83,63,74,82,45,66,Fair,2
65,99,88,77,48,90,73,72,67,Poor,0
74,91,81,93,57,88,81,83,58,Fair,2
67,99,75,80,54,63,88,85,95,Fair,2
75,97,78,83,51,85,83,86,69,Fair,2
80,97,81,89,65,78,90,85,74,Poor,0
73,93,68,79,62,71,88,100,62,Fair,2
84,90,71,77,85,69,89,100,88,Good,3
73,97,79,90,45,81,57,100,73,Fair,2
81,93,78,89,63,78,87,100,66,Good,3
75,100,76,93,57,80,82,93,70,Fair,2
77,94,73,91,60,79,89,93,73,Fair,2
78,95,79,90,57,83,90,98,71,Fair,2
71,92,84,93,38,75,85,81,59,Fair,2
70,97,76,92,49,73,91,93,70,Fair,2
69,93,74,97,63,63,89,80,70,Fair,2
85,87,95,83,70,88,95,80,75,Good,3
87,99,94,77,72,77,97,87,81,Good,3
79,96,93,63,69,82,96,70,74,Fair,2
78,100,92,59,79,68,96,81,86,Fair,2
77,93,96,63,68,95,96,80,74,Fair,2
91,92,92,80,78,83,98,91,84,Good,3
83,100,90,67,92,70,97,93,96,Good,3
94,96,95,82,82,79,98,94,92,Good,3
80,99,93,55,90,76,98,95,96,Poor,0
81,96,89,56,80,69,98,100,79,Good,3
89,97,92,75,95,70,97,91,96,Good,3
91,96,95,81,72,86,96,100,84,Good,3
85,97,93,64,76,72,97,100,84,Good,3
83,100,84,56,86,73,97,98,90,Good,3
94,95,92,80,87,82,98,96,93,Good,3
93,93,95,77,87,89,97,99,95,Good,3
85,92,95,79,63,92,98,89,80,Good,3
83,99,90,56,83,76,98,95,91,Good,3
92,88,92,89,85,80,98,92,87,Good,3
88,93,94,80,81,97,96,91,82,Good,3
94,100,94,80,91,87,97,95,90,Good,3
89,96,95,88,71,93,97,77,81,Good,3
94,98,91,88,88,83,96,84,89,Good,3
83,88,95,77,76,97,97,85,73,Good,3
95,100,92,80,87,88,97,97,86,Poor,0
90,87,92,85,93,86,96,97,98,Good,3
96,100,94,86,92,91,97,98,95,Excellent,4
95,99,94,81,94,83,96,96,95,Poor,0
86,93,93,74,76,78,97,98,81,Good,3
95,95,92,87,86,86,97,100,94,Poor,0
86,92,92,85,65,90,96,99,78,Good,3
83,88,93,79,70,85,96,96,75,Good,3
89,98,93,81,75,84,97,95,81,Good,3
89,90,91,82,85,80,97,96,86,Good,3
94,100,92,77,91,91,97,99,90,Good,3
85,95,92,81,70,93,97,87,72,Good,3
91,98,94,74,79,88,97,96,91,Good,3
90,87,93,91,78,92,97,94,82,Good,3
73,87,80,80,59,64,97,76,64,Fair,2
66,87,81,80,49,60,97,78,57,Fair,2
67,84,78,80,55,60,97,69,59,Fair,2
71,85,72,80,67,61,96,76,73,Fair,2
75,88,86,77,58,71,96,75,65,Fair,2
80,90,87,80,71,66,97,91,75,Poor,0
68,84,73,81,84,45,98,89,87,Fair,2
76,92,87,83,59,73,98,82,65,Fair,2
71,81,83,84,63,56,98,88,72,Fair,2
69,80,81,78,59,51,98,90,63,Fair,2
77,90,72,82,75,49,98,99,83,Fair,2
69,84,79,78,55,55,97,88,64,Fair,2
58,81,74,81,52,53,97,85,50,Marginal,1
71,91,78,83,61,65,97,84,68,Fair,2
59,82,67,84,60,38,98,81,67,Marginal,1
70,89,72,79,67,51,97,85,76,Fair,2
75,87,82,84,57,64,98,78,67,Fair,2
71,85,80,83,62,53,97,82,75,Fair,2
68,82,81,86,64,53,98,81,74,Fair,2
98,100,98,87,97,100,99,100,99,Excellent,4
75,94,79,74,92,64,96,96,93,Fair,2
71,100,78,59,90,51,95,90,93,Fair,2
77,100,72,77,89,56,96,82,95,Fair,2
60,87,78,70,92,48,96,82,96,Marginal,1
82,100,73,77,89,63,95,93,95,Good,3
70,95,80,62,88,65,97,94,83,Fair,2
61,93,79,75,90,44,97,89,85,Marginal,1
78,97,79,81,82,67,97,90,84,Fair,2
72,98,81,75,88,55,97,94,87,Fair,2
68,99,73,73,94,48,92,100,92,Fair,2
78,95,81,79,89,54,97,100,93,Fair,2
65,98,84,65,90,47,96,100,92,Poor,0
63,93,79,75,89,48,96,99,87,Marginal,1
73,100,81,75,89,62,96,91,88,Fair,2
59,92,74,43,92,34,96,91,89,Marginal,1
66,89,79,66,93,48,96,95,89,Fair,2
79,92,78,81,94,57,97,94,93,Fair,2
70,94,76,78,92,50,98,94,95,Fair,2
64,99,83,72,94,43,97,95,97,Marginal,1
77,93,88,77,67,76,97,83,69,Fair,2
75,95,90,80,50,71,97,79,56,Fair,2
71,90,87,83,52,71,97,66,54,Fair,2
78,96,81,77,77,64,98,80,79,Fair,2
81,94,91,80,65,80,98,78,63,Good,3
81,95,91,83,67,78,98,90,73,Good,3
82,95,84,85,89,60,99,94,90,Good,3
74,88,91,88,54,84,99,85,66,Fair,2
79,96,89,85,71,66,98,93,79,Fair,2
75,86,88,78,60,64,99,91,64,Fair,2
76,96,81,92,55,57,99,100,86,Fair,2
75,90,86,85,62,68,98,92,66,Fair,2
64,89,82,81,45,65,98,79,36,Marginal,1
80,92,87,81,66,76,98,88,70,Poor,0
66,91,79,85,63,51,99,80,56,Fair,2
83,95,83,79,69,73,98,89,74,Good,3
78,95,81,83,61,76,99,80,66,Fair,2
80,88,86,62,66,65,99,87,78,Poor,0
75,90,93,83,62,71,98,76,62,Fair,2
68,80,94,96,51,91,91,61,47,Fair,2
84,82,87,94,77,82,83,91,77,Good,3
62,85,89,92,68,68,52,58,75,Marginal,1
65,76,78,96,78,65,77,73,81,Poor,0
80,78,87,91,78,78,57,69,82,Poor,0
79,67,88,94,87,77,67,88,93,Fair,2
93,84,85,96,93,84,98,91,92,Good,3
